id,username,firstname,lastname,password
1,denisenovak,Justin,Nichols,"2J@>`&1AD""#3"
2,tammyfernandez,Laura,Wallace,;KV8RB%nayn=
3,jeffreymcbride,Jeffrey,Blackwell,CW@V8bN!L)jL
4,bcarrillo,Angela,Pacheco,"0""?H]J$.FXD<"
5,chasejesse,Ashley,Werner,?o-k$|DIIquF
6,catherinedeleon,Tiffany,Floyd,Hlq+.#jNKW3.
7,reginalawrence,Patrick,Welch,b%p{nfc/RN]@
8,darren96,Roberto,Myers,"GS}WP.""0/]7D"
9,kim14,Wayne,Hoover,rI-Z-BhFn(os
10,aray,Miranda,Miranda,LfN^Q0DKWXOT
11,jennifer94,Nicolas,Olson,bbg/>CjunPer
12,larsonsean,Kristen,Bailey,>JR`zfZ/:O0j
13,hmay,Jennifer,Jackson,A)%7~o4ao3PE
14,smoss,Phillip,Sanchez,S&yJ.oW2^t`Z
15,michaelfarrell,Nathan,Baker,UNw3/CtvU;-[
16,teresahuff,Kyle,Sanders,m<[yY%NqmQ;5
17,twilliams,Steven,Brown,^YlwOI\08?U_
18,leecynthia,Omar,Gonzalez,i|8l$pA^0asj
19,tamiosborne,Joanna,Diaz,">oftg3P""j]qH"
20,tschneider,Stephen,Salazar,"&\3;OZ$z,~/?"
21,prestonrobert,Carl,Wood,D('_#GBndbH!
22,frazierlaura,Brittany,Page,p:7Z~&amHjz}
23,oanderson,Thomas,Harvey,m)Ow*hKdK[Pm
24,tmorales,Christopher,Scott,_ue?~-upwR;R
25,ycruz,Mary,Smith,Os0~tm);y[25
26,waltersjames,Tammy,Morrow,08z(ksh/*CG1
27,nancy57,Rachel,Sanchez,uBVgKRP'KqPo
28,williamedwards,Ashley,Davis,&ozytd]=^O+=
29,alex10,Stephen,Thornton,hs@nbZhH^sC2
30,donna24,Erika,Nichols,5K<z-@A'MB'=
31,robbinshannah,Leah,Martinez,W*j9Q*GGL<$3
32,oreilly,Madison,Harrison,$l+u^J5y8HDL
33,willie37,Rebecca,Williams,QCl}aHmVl@Rg
34,cherylsnyder,Paul,Moody,jd!qzh~fx.G9
35,kayladalton,Christina,Rice,E*E1$X`]pvPY
36,tonyparsons,Ray,Morris,rBo2:.)Yhnd/
37,ymartinez,Alexander,Williams,pf[MIgO(yLJc
38,manthony,Billy,Rivera,#6)'\4qKnu\~
39,melanieperez,Misty,Preston,U}V&I)\ZPaG%
40,christophernelson,Grace,Lewis,'^UgpAmGn=SI
41,vhernandez,Vincent,Becker,F[3aIqJJm@3x
42,catherine45,Sarah,York,??KI/JVWZj:w
43,lewissheri,Cynthia,Brown,"P&M9a%y""S~MI"
44,angela37,Daniel,Sanchez,"dCm-;d/p^"",K"
45,andrewhoward,Mary,Kim,NI~.ahx5s%Mb
46,utapia,Karen,Neal,khv?-tA>hCB[
47,sarahmejia,Danielle,Moon,p_[RXEwi.'o6
48,christopher97,Hannah,Ayala,%{:}Hj<L%B5q
49,cindy50,Karen,Johnson,S7>l|3xs0Q\z
50,bernard42,Terri,Jones,z&ut3XkG3{>y
51,mirandaaudrey,Isabel,Johnson,3_yw-PT!nFjk
52,katiehull,Stacy,Rodriguez,":E@Ls,^O""8#w"
53,brittany67,Rhonda,Lopez,YPf&NuePf!@r
54,nbarnett,Nicole,Collins,"M'4>Co1"":&RZ"
55,milesjohn,Jessica,Edwards,"\h~e,sRNy`g2"
56,jonesgary,Susan,Burton,"e,bus%c\>Y\j"
57,smithsharon,Leah,Baker,59G>n1_V71K_
58,normankyle,Chris,Kennedy,"va,5'w[Q%)J]"
59,jenniferbrown,Charles,Carter,&T7G^=/u}~VF
60,heatheranderson,Jessica,Lambert,O|l`9H4k5/Gu
61,johnwilson,Marcus,Schmitt,TW.$cQUx[Hc&
62,kristen73,Emily,Bradshaw,+$o{Qn?X<];S
63,daviskatrina,Joshua,Cole,K1zVps!>@A{b
64,jacquelinejohnson,Jennifer,Gonzales,"7kX2r4rY2RX,"
65,wyattsilva,Sally,Austin,"43.u+W,~VW[$"
66,diana04,Tiffany,Shaffer,o<Br:m7u`$:'
67,paul70,Mary,Lee,H3Uf~54BOIws
68,eric07,Charles,Wang,ACC&9{GAddvD
69,ltaylor,Rebecca,Kramer,+o5'jQ9@6+*Z
70,burgessshawn,Joshua,Sexton,Y[9g'1bhBS44
71,rmiller,Andre,Bailey,~_wf-LY\SRRt
72,anthony91,Megan,Berg,bpkKy0B2((I&
73,ruizmelissa,Anthony,Peters,4)Zo:1X#'M?:
74,rdavis,Brandon,Goodman,",:WOw9~Zf&NX"
75,stephanie93,Benjamin,Henson,UWZ6toEzI&5F
76,stephaniezhang,Joshua,Young,5G{Mfuyk|5A4
77,judithsmith,Maxwell,Lambert,?veq+'s$z6(o
78,theresaboyer,Sharon,Reese,H8jUXPW-w?0$
79,terri83,Linda,Zhang,'{Lyj++rb'+.
80,jerryallen,Alan,Santana,Uv`oxlE:odba
81,millerandrew,Kelly,Ponce,YS>eE[Q3qk9{
82,suzanne00,Julie,Morales,hIHaVpXNs?`3
83,jarias,Jillian,Bailey,gPH'bC}rYWM'
84,lduke,Daniel,Schwartz,"lajk[q(B&S""x"
85,richardhenson,Debbie,Powell,sh[EOVR!)FDM
86,christinabolton,Mark,Conway,"T^,g\0Y7S5.E"
87,christopherwest,Albert,Baker,"""&M(k[?fe\0D"
88,melanie70,Daniel,Sanders,sq~P02swZCo`
89,amandabryant,Sarah,Hull,E20525J(ieQ=
90,dylanreynolds,Rebecca,Warren,krC1&/PpshpK
91,susancain,Douglas,Williams,"{H5(""8o_%}Vl"
92,finleymicheal,Kerri,Nichols,j=KbwA):0lI-
93,debbie53,Jimmy,Smith,",}G}78q&U(*,"
94,jenniferboyer,Larry,Cook,$D0Oip_FOW5Q
95,gary27,Ronald,Hudson,"k`h""{nYdD%eB"
96,jacob64,Patricia,Sawyer,Lt;RN~Si;MVv
97,ashley82,John,Rogers,",!G{Pj,j`~^q"
98,brian96,James,Lynn,}E2tqV4RUQeX
99,jasonwillis,Anita,Hughes,"7vPW^!""{aGQL"
100,andrew80,Regina,Martinez,I3-:vE}1(]x/
101,thompsonjohn,Kevin,Taylor,]*Xa+i>kqV*5
102,jessicaclayton,Ronnie,Wilson,6;D+KUIC\fq7
103,brianna88,Danielle,Davis,"Zu1d62aR,Bby"
104,vmitchell,Paul,Mills,]WRFD*R|Q.kr
105,johnsonsandra,Matthew,Kennedy,"A%}y^#kOTS""P"
106,stephanie00,Wayne,Fletcher,"<4L.hLAF#,+'"
107,dianagilbert,Andrew,Jones,"r-e.,8""FJ;yb"
108,zachary12,Teresa,Martin,",CnxD+[^=E8*"
109,creeves,Elizabeth,Day,MB]&):d5^TS\
110,shebert,Donna,Parker,0O(Q+[(5cMd*
111,katherineritter,Yolanda,Monroe,"`wU1:bA,,$hQ"
112,melissa60,Sarah,Greene,qMDvpc-1>v(}
113,laurenyoung,Caitlyn,Schneider,BsKz-#UY6/|d
114,miaharrison,Sandra,Williamson,=sZ|H|(|:.Kf
115,brian25,Stanley,Edwards,"`C)@yF(D6;9"""
116,frankwilliams,Ricky,Thomas,z|Q3Hb'N|l;I
117,kellyrivera,Michael,Taylor,T}cTxp2zyz/]
118,galvanmario,Patrick,Taylor,"q36v^Gz""[l4L"
119,roysandra,Jason,Ferrell,"fd$eMB,+dTC@"
120,justinschwartz,Theresa,Burton,Ux//cmE>N>1-
121,ana38,Elizabeth,Davis,;\-z{@G:\!j}
122,colleen74,Marissa,Scott,+`VO+|KA_.u^
123,hesscrystal,Alejandro,Leonard,:q.ZOHhj:&QI
124,mclaughlincameron,Ryan,Thompson,"Ye:7j"".E!)!0"
125,wvilla,Deanna,Walter,iVy?fKi#R}Yr
126,steven78,Brenda,Carter,OhY]%l}MlzpD
127,popetricia,Pedro,Bryant,sLWEPt~\XSSI
128,greenpatrick,Nicole,Hess,oI#:.8}'W3$)
129,michaelsanchez,Jonathan,Shaw,"aY:qzu,<?9N'"
130,matthewhouston,Ralph,Mata,"se;!f""^HmI|#"
131,wcabrera,Courtney,Smith,rw~u2(a&;])1
132,michelle84,Lauren,Barker,PD\ukq:<'Vb<
133,andrea34,Richard,Harris,k/{z#FIk%I86
134,parkkatherine,Michael,Wilson,RyF{aJH[7<Jj
135,hoganlisa,Samantha,Sullivan,)1_~%eWKg|l[
136,fhill,William,Reyes,!uZc\^Id8n:Q
137,robinsondennis,Phillip,Gonzalez,",#Uq9[;b)~9K"
138,jordankirby,Crystal,Humphrey,"77p!]@Y{""}Zs"
139,ibenson,Katrina,Myers,?o(q/gf`-.1p
140,tschwartz,Angela,Scott,eC@RIkUM9UDE
141,masseygregory,Phillip,Harrison,Oj?o{+`K@g2@
142,wwilliams,Patrick,Watkins,"oNa""=HiUf7tx"
143,currybrian,Jennifer,Garcia,7~L`Svg#g84~
144,jeffreywhitehead,Christie,Brewer,"cdmb~6:C""+G{"
145,martinrobert,Kenneth,Thomas,'8'Dx2J;aMWW
146,shelbygonzales,Andrea,Olson,<+9=qTezNJK~
147,hardymary,Jonathan,Fernandez,CRlA^ZE4d<a3
148,amandagentry,Hannah,Cox,g5Z7Qa2!<Q)S
149,jamespadilla,David,Andrews,;~;%p:EsJa6W
150,costaralph,Jerry,Caldwell,}<Y&>)e^o/4K
151,martinmartinez,Miguel,Medina,['o~(K|:ZZdq
152,wburch,Christopher,Hayes,!|lqB*|_n><x
153,joshuaharris,Nicole,Arnold,F#n![awK`l7F
154,pcochran,Jennifer,Francis,AThc!$n'm;-=
155,allisonwarren,Mark,Cunningham,")3K[$mWZT,[="
156,xmorgan,Cheryl,Warren,a$Ve(Ot7S*@b
157,scott23,Karen,Phillips,qUdY7^l{w#WA
158,dcastaneda,Heather,Martinez,/[@pj[X0W9xJ
159,aliciataylor,Jeremiah,George,Lp&A+>\WAEa*
160,steven72,George,Strong,NHXG;X'}%<C]
161,awong,Zachary,Caldwell,)+R-Zzz7W.B<
162,burnsryan,Tyler,Smith,!hS;ia{Ag/0)
163,cassandra68,Timothy,Wilson,plr>/]g>%wVi
164,barajasandrew,Kevin,Rodgers,~=!!F-])FAn4
165,tyronehill,Ryan,Robertson,PK`32)`Bdv7t
166,rachelallen,Joseph,Fitzgerald,&z&U;[qF<er3
167,nicholasball,Beverly,Le,"DPEg'W{""UGZx"
168,sjimenez,Alex,Johnson,)_L8ztsVx&x;
169,davistodd,Kristopher,Singleton,"yk0,.9$\P(aA"
170,ivelasquez,Peter,Hayes,1510tYwBTAvD
171,buchananandrew,Andrea,Wagner,f`{53R82>z'n
172,sancheztina,Jonathan,Lamb,S58}`J%&U5gf
173,melindagutierrez,Michelle,Hamilton,"+9qOB_x0TD,d"
174,samanthagutierrez,Michael,Jones,"""$#gfneY)zh/"
175,kelleykiara,Mackenzie,Werner,e8*/?#}A2@GZ
176,aherrera,Kathryn,Johnson,V8lXFzk%!-Io
177,wross,Edwin,Baker,.W@'F1?Fi*SD
178,peterskristi,Marc,Berry,#NKUm.3[Fktm
179,hillteresa,Brittany,Mckinney,l.zk%PV'SaA#
180,iwilliams,Molly,Oconnor,;dIQbX4*jZFU
181,npearson,Mary,Moore,yR%f/*NMi%0;
182,ashleygarrison,Michael,Mendoza,E!n9i/?<F=@`
183,morganmary,Brittney,Powers,<CVI<jYS~dyI
184,dmcguire,Daniel,Robles,"/^H)VL1b\a""!"
185,carl81,John,Evans,"},q1~R.""L$/#"
186,angela36,Taylor,Vasquez,GDm9}Q]`rQA_
187,warrenkristi,Heather,Tran,"8KAW,y_GmZar"
188,richardcarpenter,Mary,Harris,]_}qxtuJ\?$<
189,taragross,Travis,Watts,ElwCY1Kn0[hR
190,amandacruz,Luke,Howard,\$Xv^?'TVzoO
191,april21,Karen,Pierce,2~=<yn]XHDFB
192,marshlauren,Lawrence,Huber,WWnNwIx$k}'M
193,jjordan,Kevin,Bridges,ehR&Pa?zj~qt
194,russelldanielle,Michael,Johnson,PRIF*\$$s}:*
195,owenbryan,Victoria,Porter,;'3R&Tcz6&)w
196,anthony06,Travis,Hood,Pz>OZW5p&1+`
197,katherine72,Shannon,Lopez,~@L2^!i26Pd!
198,henry01,Patricia,Garza,/@A>3v:d4m?A
199,umontgomery,Leslie,Joseph,n{g$K/g_;eIT
200,hannah87,Brittany,Cervantes,W[uS(Xi;XV&u
201,schneiderjose,Julie,Smith,fb=Lb:v!y_pt
202,keithjenkins,Curtis,Roberts,-:B[*KyzJm9)
203,gregorygrant,Deborah,Gonzalez,Pe$p&r!/>Imt
204,davidwall,Susan,Davis,s5E\XK+bd%'}
205,jorge12,Cody,Tyler,".&dKY+gv,zA1"
206,natalie85,Samantha,Clark,s;C[Bv=`0Zt`
207,james03,William,Fisher,9Ewqa-#}_#&(
208,sherri20,Kimberly,Davis,?nb:tPo0\)y%
209,rharvey,Melissa,Prince,(i]fj{bl$eUZ
210,richardgarcia,Brett,Martin,q:@gSu<iFz}R
211,christopher97,Darlene,Wilkerson,V$jC9](p?DV#
212,erinsimpson,Heidi,Brown,0a?{DVboh@Ui
213,wrightkatherine,Jason,White,"TYiIHOIMN);"""
214,audreyjohnson,Tanya,Williams,e.ka0O120Q*>
215,ismith,Julie,Taylor,<L{5{IzwN/uJ
216,clarkemma,Shannon,Thomas,$F&vdxLG*8P@
217,wesley98,Misty,Shepherd,dvy{;c|<&H6+
218,dustinlee,Jamie,Gibson,^^{?]?Wi'TgH
219,barbarajones,Stacey,Klein,Oa/nPNWTx{xM
220,colleenevans,Julie,Osborne,D?u3D>;ETw-R
221,lewisricardo,Sarah,Logan,DTWA9i=v5Xm+
222,hsilva,Gregory,Mckee,Do!>ylc:=CvR
223,khart,Tony,Benson,lE|-Gbgs{n'L
224,santosmanuel,Erik,Frazier,"xs4jAs#""7jvP"
225,kphelps,Jacob,Murphy,)1:H6d)N6uyo
226,michael77,Karen,Mendoza,G5Ktu@QXcu-:
227,brittanyguzman,Phillip,Johnson,0l7vx9T?1w)t
228,sean88,Justin,Wilson,o0^I:RpRDWZu
229,ylopez,Frank,Williams,27)!?vv2em1E
230,emilystevens,Debra,Martin,bGdH}_~Y^_gL
231,sherry55,Michael,Kelly,DtS^hlhD.XsI
232,cochranlaura,Craig,Chavez,L_$/9Tp6x{Nt
233,munozthomas,Sherri,Yates,&aw[a&>D&3y/
234,gregory65,Anthony,Tanner,R87}mDOY<7kZ
235,sheilaschwartz,Kathleen,Clay,Ip1-0!_G-_9u
236,harrisonronald,Evelyn,Chaney,W&}Lte9k<\zg
237,larry70,Todd,Khan,j1V}7FXZkS@L
238,kaylajohnson,Sharon,Adkins,#Js1d34{raW^
239,ybrown,Kelly,Juarez,dCQduT#%q6Z]
240,william45,Danielle,Lewis,"""LlmlfCUPp~f"
241,jwalker,Jose,Brown,'EW&`.oY2KGJ
242,anthonywaller,Michele,Jackson,vf|Z[1O[vcnc
243,eproctor,Christopher,Rodriguez,">-RglGo,lLqD"
244,nmolina,Chelsea,Russo,sZ*h=n0a].%i
245,santiagotodd,Daniel,Thomas,JW+.A&^He*k5
246,scottberry,Jonathan,Gould,]G/.caMQzMJ\
247,william04,Keith,Williams,NPcsd7vZDoXr
248,richard41,Stephen,Ellis,"`{,^JfQ^2Eig"
249,allison47,Julie,Parsons,)Co+7%g{9<V\
250,kylelandry,Joe,Hammond,"N(eqPf8y,kKz"
251,efarrell,Victoria,Norman,<l{d{E-F{x@f
252,pjackson,Andre,Robinson,Xkb5%>)B18b)
253,beankatherine,Roger,Rose,fV?~Fr|Za~%?
254,vballard,Sarah,James,>\mBcpys}\1K
255,harriskarl,Kara,Wilson,V1F.8:sDZL;[
256,kduncan,Brian,Colon,"sfz~<,9qp|Hm"
257,tracygarcia,Carly,Hardin,"pn^""vv^<U@3t"
258,mjones,Laura,Valdez,3]#qVhJGo1G9
259,crobertson,Danielle,Drake,6vKTAa|9(-S~
260,stephanieacosta,Earl,Gibbs,wL87FJ_{$N5G
261,whitneylindsey,Cheryl,Stephens,eyeyN*-@;yw+
262,jacobsdavid,Stefanie,Dominguez,v]|@uA/e$.9z
263,kenneth36,Anthony,Schmidt,H\aI^xM<^9C2
264,ucraig,Rachel,Thornton,">x6x?=M_,B%C"
265,michael61,Ronnie,Cross,tB(=\b<a:;;u
266,michael14,Julie,Herrera,"""""\>}$W@+k=R"
267,obradford,Teresa,Jackson,y4yqZ}~]=[j_
268,mollyhahn,Regina,Williams,E=eg!7eDBe+e
269,christensengabriel,Bethany,Terry,DLAW7WQ+e=vf
270,walshpatricia,Donna,Howard,|N2\o(r=MAnH
271,lmartinez,Megan,Bolton,"},EH<HkyC=Wv"
272,ravengarza,Connor,Wallace,z8)_M;Be@H_)
273,anthonywhite,Natasha,Thomas,x.CCh*F]/s86
274,williamsjoshua,Michael,Cantu,Y-Wp6=|cg0_]
275,johnmarshall,Lauren,Clarke,WN4mElWHba[U
276,john86,Danielle,Harrell,GXov5Q@6lqy-
277,sarah20,Sean,Spence,"1YN,WfYi|!`&"
278,zmiles,Sharon,Vaughn,Xf@Ti%)&F)vV
279,laura46,Tina,Duffy,pP>iNGNE(E<!
280,rgarcia,Whitney,Davis,S{/PBd%^2}`M
281,jennifer53,Pamela,Jones,",eRH3ua@9ol>"
282,miranda28,John,Rodriguez,*|gwc-]%E%^.
283,claytonchristina,Matthew,Burton,~;N-)~do%(st
284,mitchelljustin,Robert,Stafford,wyw\-sCc#X4I
285,thomasgreen,James,Johnson,1gUqI'W_xO>2
286,perezantonio,Kathleen,White,.GH5>l1Y7U~]
287,srosales,Kimberly,Sanders,;$_:ZW_/Og7j
288,sarahguzman,Michael,Garcia,pjE`/B?%l^vC
289,marywright,Bonnie,Barron,g3Xw/+<9{}+;
290,rprince,Raymond,Buchanan,O=;w4\<]?[bP
291,jimmyblackwell,Brian,Mcmahon,v@td>z<>&80-
292,eross,Robert,Lee,1'pR]FV_rvZe
293,steven16,Jeanette,Austin,"&\,acM<&bze1"
294,ayersalexis,Peter,Davis,"OPcD*5vpj,Gw"
295,ricardokey,John,Simpson,|KdIg6'bt+2/
296,acontreras,Jon,Logan,"&b1cZ~-t(LB"""
297,rmoore,Mary,Walker,qRTb=@p~zC2^
298,xsmith,Latoya,Mathis,/4-b-J5'lb<0
299,aingram,Kelly,Roberts,kB3-iQ6V4x}*
300,kfisher,Robert,Jones,"|NQ~OYElH""YZ"
301,frederick86,Samuel,Ball,"""6:""BgXxFb'Q"
302,phillipsdiana,Karen,Stone,:\`X#Ol9[.Ck
303,kimberlyhenson,Steven,Meyer,u2?_Nr|0UK9n
304,oolsen,Cindy,Nelson,"ES:N,jt83""R*"
305,amathis,Melanie,Lopez,Q76_7CHBk0F^
306,daniel59,Samantha,Haney,zljdWVhN!Au`
307,donald73,Nicholas,Carroll,VyN\VLt)u|Y&
308,goodmanjames,Amy,Wolfe,"%YN+,F"":[U]v"
309,leenatasha,Stephanie,Glenn,"k5Lr-<Xy,x~8"
310,rgomez,Daniel,Gay,#A5^Y%j[~raj
311,spencergriffin,Erica,Davis,U4.`!9-B@XcT
312,martin56,Joseph,Lopez,%PjP=?Z79K>d
313,dnichols,Joseph,Allen,"AI,Dg9![yl6;"
314,johnrios,Brittany,Allen,P_chvBk^`}sK
315,richard69,Joe,Taylor,CPYP7x0g1fjy
316,hayesholly,Tammy,Faulkner,n;9'}8~>|M![
317,kylecurry,Catherine,Frederick,"J$CWb!r/$,7V"
318,donaldestrada,Crystal,Bowman,"""Dj[i]|_67k."
319,robertsluis,Jennifer,Santos,3Vi`Fw|~38g6
320,emily28,Jason,Swanson,-J.ai6/rb`x=
321,meyerkevin,Scott,Pace,"M_C-""-x~6^|["
322,fostergary,Jamie,Arroyo,^P[%z|6uI`yc
323,mark95,Monica,Mora,;f^cGs==\2VM
324,denise67,Dylan,Schneider,",_uA{=Ngkw0{"
325,ysmith,Emily,Jones,W5su26}eaV{B
326,patriciavega,Derek,Mcpherson,/h?Y\7yVn'%?
327,lisa50,George,Pham,C3[!X[Xx9D:f
328,laura35,Brittany,Foster,TH&&nJ;&Ug$'
329,allen37,Karen,Johnson,"G_]UFt,'?3KR"
330,jeremiah43,Christopher,Parks,"8tvf^n8rVD,r"
331,rubenmiller,Ricky,Johnson,VW5]|-yA`@rz
332,lcruz,Sheila,Shaw,;WnvgoIz^M~#
333,ortizsamuel,Thomas,Hubbard,gj0[YG*w-vT^
334,wilsonlisa,Sherry,Clark,"y~F')""r:ei[Q"
335,alyssa76,Colin,Kim,"86@UBp,Mj)jl"
336,tflowers,Rebecca,Rowland,t}1*o;}7D0:5
337,stephenbarnett,John,Copeland,E1}8@p:`[(`0
338,lewisrebecca,Margaret,Little,|!ImC0m6.HM`
339,rberry,Ashley,Bennett,&ds&NiKt--(|
340,ctate,Kimberly,Phelps,6TQ@DP-lXkb>
341,monroeevan,Matthew,Tyler,"Ea(-ngx#,L*$"
342,amorton,Jonathan,Zhang,K+[dA>Ir2{VU
343,davidmills,Krystal,Martin,lX7$Q?C4h^5D
344,garciajohn,Troy,Turner,"NsVBZ.""bJ*G8"
345,ashleypope,Tonya,Chang,`bQ2LW+XMOr6
346,scottcurry,Kristen,Gomez,YecMT!DfCFF`
347,joshuawheeler,Ryan,Garcia,"I^',H{9g3rT8"
348,zpena,Robert,Ferguson,9@nI`+bX&^0_
349,hawkinslaura,Craig,Richards,^xhEO~44H@%&
350,xoneill,Gary,Hall,?afduW8[_LQ3
351,ramirezthomas,Rebecca,Murillo,/k{&Pn=HlW0-
352,diazmelissa,Randy,Watson,!0Hj[Ty6!O9H
353,aware,George,Jackson,xVcBNsm~bNQN
354,michaelhuerta,Tiffany,Ingram,8:eo&JUcOTsw
355,smithalexis,Thomas,Johnson,=P\xBe_a]Ba{
356,reynoldsrachel,Joan,Craig,TE7J]ec-zh]G
357,dennispatricia,Tammy,Hubbard,"/=I70""g,zGO!"
358,emartinez,Sarah,Russell,9;#JEY2Sg=vG
359,lindseyamber,Andrew,Odonnell,O>eJRE\`ULUh
360,rosechris,Joseph,Tran,pjf*0^>+Ht`j
361,butlerkaren,Gary,Pacheco,?O-Ez1E*')v_
362,cordovasheila,Shawn,Obrien,"0"")e*Lckci,x"
363,mosestyler,Tamara,Parker,HdV)Oe*B8i[R
364,donnabass,Heidi,Woodward,&d?gZID+M(tt
365,savannahpowell,Jonathan,Clark,]q.f;~7%)8Fb
366,jamesparker,Katelyn,Harvey,=Mzx0[%J&A|'
367,jmason,Patrick,Nguyen,x|Y7C09tnx(M
368,tammy45,Christopher,Castaneda,A{8)`Nz<pXLi
369,jenningsryan,Kimberly,Wright,K1qAnWj@p<!K
370,mirandamartinez,Matthew,Ayala,O0u%A2i{7$`8
371,hesscody,Megan,Harris,nD9>9x1s0x18
372,evansjames,Matthew,Newton,GU%xe-KlRTb3
373,msingh,Jennifer,Davis,oA;RDAyQKkPg
374,townsendanthony,Michael,Smith,Z9vhOw$EU#Ey
375,brittanywalton,Nicholas,Schwartz,X3)zEy!n<Ljn
376,sthomas,Meghan,Flores,+!hStx(\?G[%
377,khooper,Daisy,Johnson,"-lQ<y|%vEo,Z"
378,mariomartinez,James,Frederick,"w\5);,^'2==<"
379,nbernard,Yvette,Gomez,"""D6miW%)L4>O"
380,dwheeler,Mallory,Davis,l2{<)M+ox<n~
381,acompton,Eric,Miller,M_LgkBwlAB[j
382,william26,Brian,Mann,"-GIt650/.,/q"
383,fergusonharold,Stacey,Beck,/8=sJD}H-OfG
384,vfoster,Teresa,Miller,<\B_.Kd$ThYV
385,romerobecky,Timothy,Nguyen,"""66,T9_|5SRW"
386,alicia08,Stephanie,Brown,dWMedTuQX2lC
387,turnergeorge,Richard,Dunn,Q]k:\V|^wQvA
388,oscarharvey,Brian,Richmond,ughU3d8#-y=t
389,austin71,Kimberly,Sanders,T%?H>-XlPOq:
390,joshua89,Norman,Newman,:jy$4&3=x1'3
391,ymcguire,Michael,Cohen,"U;""6q&}C#(YG"
392,brandongarrett,William,Smith,y1^o@`%l]|Co
393,melissa37,Michael,Deleon,6C9i;Dp_+!*<
394,stephenwarren,Michelle,Nelson,"\cZU*vO3[EJ"""
395,hawkinsjames,Larry,Fry,>=A+f`>3;a<u
396,toddmartinez,Todd,Singh,'W~t!'}@h|>9
397,pwilliams,James,Henry,"j|=ikFVQ"":0P"
398,cjennings,Adam,Coleman,{3=kG75'Dg%?
399,jschneider,Steve,Allen,62l6a~_'&KbG
400,amanda94,Cynthia,Wyatt,"ih_AH,/towS6"
401,marcus23,Hayley,Higgins,"""Ta""gt.QAl7O"
402,michaelzimmerman,Christopher,Nelson,hBrK_FAX=-gP
403,matthew32,Jose,Burton,"ew,r+Wp;y<8D"
404,vlawrence,Kimberly,Wood,+A`*kwlfoYGJ
405,michelle74,April,Murphy,|tqzS*lhO_g4
406,cooperjillian,Amy,Miller,"mp~s6k,]li$("
407,grahamchristopher,Nancy,Rose,",Vg+%vn\1$zH"
408,susan18,Dawn,Hayes,xRG@XtLWEqP'
409,ryanortega,Robert,Briggs,"1iOD,<v-}7;~"
410,cwilson,Brooke,Luna,;-{S9\2p)FR6
411,stephanieadkins,Amber,Myers,{tTVzj1rXTm%
412,gonzalezjacob,Michael,Goodwin,"%_""^S[w.Z*jz"
413,xtran,John,Stewart,"3CYSMSK,OvmB"
414,juangarcia,Lindsey,Sanders,N[YI?0N1Mb~4
415,michael74,Jacqueline,Lamb,!iji!\&m087X
416,meganfitzgerald,Adam,Ayers,riJ#pFc{UCzV
417,jodi54,Elizabeth,Rush,PKft&/o}Oawe
418,kathleenjohnson,Blake,Villanueva,%UqMfLL0T@y#
419,janetgonzalez,Lindsey,Hart,/x-9gKtj4/pO
420,david20,Elizabeth,Valentine,Q!LrWX<;l;#s
421,brivera,Jose,Oconnor,*a:hv2TU{$Lb
422,gabriellamoody,Corey,King,9x.W~Su@;xSl
423,schultzerica,Kathleen,Ward,"(3H%.V""N@F<v"
424,jennifer45,Barbara,Gay,@.BWD:J3VUwa
425,elaine85,Peter,Oliver,MLe6sea0K`oP
426,evansmelody,Jenny,Rivas,9.{E8Y-OxPO&
427,mark32,Michael,Garcia,9ZP$[J1:'vZV
428,billyharvey,Susan,Zhang,Gcd1*keLvrQ[
429,cgarcia,Alexander,Stevens,"@a"";rT6&=z<@"
430,charles39,Charles,Brown,;E+/MsWt:Xvc
431,robert68,Gail,Raymond,BxKJQsQRT@yA
432,guerrerotaylor,Karen,Frederick,1B&]O&[2s=ON
433,kathy08,Kerri,Jordan,SZzN$YtK@^3R
434,carsonerin,Anne,Mendez,"|gm7jDT""#S_v"
435,nicoletyler,Richard,Gilmore,1WRu{xte;RV.
436,matthew88,Tyler,Padilla,U`K@bf]kOWe(
437,michael36,Ryan,Simmons,"T(![""+M""Sl""2"
438,kelly45,Victoria,Fleming,"X<3u,m.`.Y6E"
439,jefferybryan,John,Drake,FPp8SCnmh6t%
440,timothy19,Samuel,Davidson,8>55.S3*!S2\
441,jacksondawn,Ana,Knight,"^Yy:E<',.>il"
442,carlycarter,Bethany,Poole,.Q/YM_D^9eWR
443,rubiosteven,Eric,Chen,VPT|G:Q`SQ=#
444,peter08,Daniel,Wilcox,NDXu#Rbq~=6:
445,matthewcampbell,Robert,Burton,$FK?Bk['O]sZ
446,jacksonjames,Linda,Douglas,"0*h""[Z]EPu~8"
447,fperry,Ian,Montgomery,"YwjuU=7Z"";$u"
448,kellyparker,Emily,Fuentes,[JDYq:T(U@b_
449,gary58,Sophia,Mendoza,@^d;Ugvxz)=W
450,khill,Kimberly,Garcia,"z'mC""2wHm0q0"
451,christopherhenderson,Emma,Diaz,U(-zxRq7%y!s
452,vanessaatkinson,Angela,Weiss,f~u]n53OU=sZ
453,gperry,Kristy,Duffy,T:N.SaV1U5A&
454,zhughes,Megan,Campos,"xb<XxKp;y,L%"
455,mosleyjade,John,Jackson,dk{918?<>Ss&
456,williamsdanielle,Angelica,Durham,*W/K}Jp1@W{@
457,cole61,Rhonda,Long,j@4Mr}-Z@D]P
458,awilliams,Diana,Knox,+^e{l{q[Q`<y
459,edwardsjack,Elizabeth,Richmond,QiO8/bX#owjy
460,racosta,Jennifer,Colon,"d""4acOOlBo(L"
461,bestrebecca,Sean,Hernandez,"$^""U3>poI[#:"
462,lambertmichael,Tyler,Mclaughlin,aC6W&#SD=O[=
463,mariaburgess,Michael,Atkins,o2z*C{P]I0\>
464,howardtyrone,Rebecca,Kerr,"7/Z""Y2)4zLKk"
465,shannoncruz,Joseph,Rivera,PJlFvC8CzpP`
466,angelahenderson,Jeffrey,Thompson,`Z`1k@pys@QP
467,beth49,John,Fisher,2;9\Dj0;0fbf
468,tinaturner,Danielle,Richard,vdGiB`V0g'qx
469,thomasjohn,Scott,Olson,DbH:WbZh\//n
470,delgadoamanda,Eric,Rivers,wr!+eVkC0v<+
471,danaburton,Kristin,Fischer,KH7~j!;wakT[
472,deannanewton,Jeremy,Castillo,mH2=d8KI^.p3
473,jason81,Kathleen,Crawford,_4k=kA;{?TGx
474,morrisonangel,Kelly,Martin,Q`>Az_EPpg6\
475,wgomez,Stephen,Butler,"?kuy<*^]&@""Q"
476,coxjeffrey,Shane,Jordan,"82/Gwyn[R+,h"
477,nathanjenkins,Jeffrey,Moore,><1bx0KRKthc
478,victoria95,Thomas,Rodriguez,[o)bhhF)d04O
479,colleenfritz,Cathy,Smith,kV9$4jJ#cxPw
480,lori90,James,Edwards,"Wg1@nI6},,n@"
481,bishopgina,Sara,Rivera,QH3''f#S3<Hm
482,mhogan,Michael,Robinson,"+\H?!b*!Y,*'"
483,dsanders,Linda,Mcguire,Lp_Toa>)_{T7
484,justingarrett,Matthew,Martinez,*(DTPqtffDyH
485,kimberlymatthews,Susan,Obrien,|{p!`%wlC61l
486,johnsonjoshua,Christina,Powell,"HfxWxVg,`!JB"
487,fmorgan,Brenda,Holt,DM!o3gL.y`.9
488,rmendoza,Valerie,Oneal,"za?WR#(lM*o,"
489,michaelbrown,Angie,Lara,"|U0K(C,)^1g9"
490,carlosclayton,Dorothy,Chang,}BwDlo)`>*}t
491,hcervantes,Dawn,Figueroa,((_Y0:L0ky#o
492,kimberlymcdonald,Caitlin,Wagner,"Pu""c2eg&XbtT"
493,fpetty,Michael,Johnson,6PNnrdS:[1gM
494,jpoole,Lawrence,Freeman,^G>wLx/@W6#o
495,qoliver,Mark,Hopkins,"Sd,[JHyYn~0/"
496,terrycruz,Randall,Baker,Nl1QVU4F'XBM
497,franklee,John,Farley,.L|2T$~OKpLJ
498,joshuafrazier,Yvonne,Shepherd,iH%AZ}kAitan
499,francismichael,Ashley,Harris,}&4HN(vAg3KO
500,hardysarah,David,Butler,x**=;W)#Y\()
501,mariomartinez,Desiree,Martinez,Y[eWeA#Fq5Cx
502,jacksoncameron,Ashley,Walker,&KjY>>U+pk?%
503,dpoole,Elizabeth,Young,"?K![.IR,$d{V"
504,joseph59,John,Armstrong,;!|cuP{4^}B&
505,leroy18,Elizabeth,Curry,pY7zez4aM*(8
506,kimberly99,Martin,Ramsey,T!s4eNa&MX;=
507,jeremy69,Laura,Farley,"KA5e""E[(U{OO"
508,williamsscott,Amanda,Owens,y*>|W;4Q9771
509,joselewis,Wesley,Cruz,"dv7DXW""&w3yO"
510,lking,Haley,Mccoy,E:@pKf1Js7QH
511,cookmichael,Sarah,Nguyen,Lyi}~K%!&v)Z
512,johnlawrence,Elizabeth,Meza,;#d(cT8y#d8S
513,hicksdylan,David,Livingston,I>!g|6&1jn4n
514,bdavis,Carrie,Hayes,dL1!1^ixDmT:
515,elizabethtate,James,Fields,`78G^emztlH4
516,carol10,Sandra,Burgess,`+|`a]'V1z84
517,yrogers,Aaron,Reid,No/CIQ@>7PnE
518,ljohnson,James,Olsen,RT3MYIo28mD@
519,nicolemiller,Jeremiah,King,"5Ver_eih""+^."
520,rebecca42,Isaiah,Oconnor,"""jO;tCNO8>dp"
521,jeffrey15,Christina,Green,Qge~r=IhH#Ih
522,ldouglas,Debbie,Hardy,VANlu6&b7TkG
523,richardsontiffany,Natasha,Thompson,M7DE$)a%G44>
524,nataliejohnson,Barbara,Armstrong,w]aHn^gtP&Ta
525,michaeljuarez,Christopher,Kerr,")U/3)swU_%""="
526,dthomas,Justin,Williams,ykg`W*oLU7$i
527,yblankenship,Michelle,Hernandez,/$qAJNq*e.av
528,dianameadows,Jennifer,Nash,{&ABU[gpHI7H
529,anthonyjones,Evelyn,Benjamin,}/dhZ<uE2_Hm
530,sroberts,Vanessa,Mendoza,7&Le~wA2Gu']
531,stanleyjames,Nicholas,Shaw,L9E_?0[A%b\{
532,brownbruce,Julie,Smith,ZhLXUl~{%:/x
533,laurawallace,Connor,Pugh,(d#:&mK7`v>y
534,wallacemichelle,Joseph,Strong,"VA'7""/A\P""lw"
535,heidi04,Karen,Bartlett,[Vs.)`Ra2fO$
536,larry87,Karl,Guzman,"v=,.J*$XnFlu"
537,ramosjason,Catherine,Wilson,8-K^(L3F9UqG
538,howelljames,Allen,Hernandez,a>''\u;M4yQP
539,kristinedwards,Jaime,Skinner,|wH-UDO67{0t
540,jason61,Donald,Espinoza,WV7D3'gZ1}}N
541,cassidy79,Karina,Jennings,k;L}84++^`Ua
542,hamiltonmeagan,Shelly,Clark,"k],\6?3VcVW3"
543,michael00,Dillon,Lopez,qSXF>Ry|NDEC
544,alicia13,Vincent,Ibarra,"t?+9pfx&,wg3"
545,thomasthomas,Kevin,Jimenez,14tZRkO7@>NX
546,xavier08,Jason,Mahoney,;mb^3=/&c3OD
547,brownmegan,Johnny,Hernandez,HyL{`x}lc+$a
548,rbrown,Stephanie,Thomas,N(0]:?-FPuO(
549,wendyconner,Kristina,Marsh,M{^fKWU%?H%c
550,gmorales,Steve,Hernandez,XM|'!]h;>[4h
551,douglas06,David,Davis,jsv$ZW$]K*(n
552,john53,Christopher,Bridges,Sa00(G*xa^eG
553,holly88,Kenneth,Hoffman,I&biG8%qz10w
554,bryan,Bethany,Meadows,(};\?w8G5%j`
555,danielknight,Brittany,Pierce,w]0B:<<wHR#S
556,deanconnie,Michael,Berry,OJUyZuV6]@8:
557,rhuang,Kelly,Medina,"G=SmA,{![;_^"
558,johnneal,Becky,Villa,ClVcs6I4[Z{+
559,martinolivia,John,Andrews,R7j`^b*@X'CV
560,larry37,Jesse,Edwards,|/Sqr4/E'vzk
561,joshua10,Susan,Williams,](}rk>@sKSZS
562,pballard,Denise,Mcbride,p*G7d/T3MQKl
563,jennifermcdowell,Kelly,Ashley,E<SNIXy>wH>D
564,danielmyers,Michelle,Burns,V'mTSPlsk<3P
565,tpowell,Ruth,Gibson,N]J)AL.be1b^
566,martinjessica,Adam,Stanley,5M$}Vz_d.G&5
567,roydenise,Eric,Young,/9I*vsASS4P<
568,bradfordregina,Justin,Ray,"/AQTjz,wsc/o"
569,paulclements,William,Sanders,X$w{&D~m)}=V
570,davisnicholas,Ann,Green,hB;M`M|{:}9#
571,christopher85,Leslie,Mullins,W<O7ubhG3]a2
572,tiffany32,Nicholas,Gross,"cI6n)]""awo+g"
573,uharding,Kari,Watson,",=M{x!Ltlp=/"
574,garnergregory,Joseph,Arnold,"F'H&,M&32u(["
575,margaret68,Adam,Miller,\E#idQta3`D:
576,brownpaige,Christina,Rodriguez,SWZUwy<U9xRH
577,dylan33,Amy,Vincent,'gz%fhAJEo~Z
578,zmunoz,Brittany,Mendoza,/yNQMURo.+U}
579,beckychristensen,Ralph,Smith,;m[oyRv{a'']
580,joannakidd,Shannon,Brown,mpp2==L9XLoL
581,wagnermegan,James,Jackson,"UM4%`?51pvS,"
582,stewartjoseph,Marvin,Myers,"qbv.p*u:""emc"
583,reyessandra,Amy,Collier,"|6;4HHSKf,Y5"
584,raymond56,Charles,Barry,7o`XBiN;Vd9#
585,andersontroy,Yvonne,Summers,]{Ac}&;@3z(1
586,meyersmichael,Sydney,Clark,Dz)yG#IomN[I
587,adamshaley,Scott,Cochran,cRqtE%y:2K-H
588,everettzachary,Jamie,Davila,*_2^h:^ay0JG
589,robertmarshall,Anthony,Lewis,"&&=f;c"")t{Vn"
590,knighteric,Richard,Brown,MQa7+@yoIB=R
591,michaeljohnson,Ashley,Gonzalez,!pLcWa=^yi6p
592,coreyrivera,Allison,Morales,"y.os7""O""h&k+"
593,christina89,Alexis,Ware,JT|f;vrpJ6ip
594,omcgee,Mary,Hickman,:~N_c\'%8abQ
595,zknight,Kenneth,Foster,HxalVF6~*j%r
596,joanna87,Kimberly,Griffin,9&!'Ue>$6KJ[
597,michael51,Kimberly,Lewis,"v.4KNut-,Q#|"
598,michael14,Natalie,Hernandez,"A5r6[Pp+V""\&"
599,chelsea60,Alexander,Pratt,>)86b`oWfk@+
600,jbarnett,Dale,Guerrero,4BK6d\A_JkW4
601,molly60,Melissa,Patton,b]a4XTywG%xg
602,briggskristen,Tom,Schaefer,=uUw#kmnF+Li
603,aaroncasey,Sarah,Blair,v)f!hqEZdY=R
604,catherinebrown,Mark,Hall,/KQ!ocnIiAiU
605,waynegarza,Kevin,White,n9OG;h^$49@{
606,oraymond,Julian,Harrison,6$y&k{Whbr21
607,maguirre,Kathryn,Clark,"z;V`y""%kiEO4"
608,james95,Emma,Mills,"o&4""H.k^(N@="
609,nsteele,Martin,Dixon,M]/4{h;cMxOM
610,sonya84,Joshua,Wallace,s[5GcO/'X0)*
